customer_SK,custid,custname,custaddr1,custaddr2,custcity,custstate,custzip,custtypename,custtypeid,division
1,25,Liberty Homes Incorporated,Suite #111,3051 Bumblers Lane,Medon,TN,38356,US Govt,F,"TPCE"
2,13,Publishing Corporation Of North America Incor,Suite 518,978 Degrees Street,Heron Bay,AL,36523,State/Local Gov,S,"TPCE"
3,38,Seattle Filmworks Incorporated,Suite #111,4958 Dietitian Street,Davis,MO,63379,US Govt,F,"TPCE"
4,27,Lnr Property Corporation,Suite #111,9382 Demolition Street,College Square,IA,50613,US Govt,F,"TPCE"
5,29,Usx-steel Group Incorporated,Suite #111,7120 Whimsically Turnpike,Olympia,WA,98501,State/Local Gov,S,"TPCE"
6,3,YuliChem,Suite #111,6440 Amet Street,Laguna Woods,KY,53141,Commercial,C,"TPCW"
7,6,Austin Ferrell,Suite #111,8666 Justo Road,Pullman,PA,55979,Commercial,C,"TPCW"
8,9,Meridian Resources Corporation,Dept #805 ,1977 Symbiotic Turnpike,Fall River,MA,27240,Commercial,C,"TPCW"
9,4,Austin Burns,Suite #111,2041 Venenatis Avenue,Alexandria,DC,34440,Education,E,"TPCW"
10,28,Gte Corporation,Department #532,7196 Heaver Lane,Winter Garden,FL,34777,State/Local Gov,S,"TPCE"
11,10,Byron Chemicals,Suite #111,6831 Donec Street,Salt Lake City,IN,41050,Commercial,C,"TPCW"
12,39,Ashton Washington,Suite #111,7726 Donec Road,Vallejo,MA,19990,Education,E,"TPCW"
13,13,Zena Machines,Suite #111,1277 Hendrerit Avenue,San Juan,WA,70660,State/Local Gov,S,"TPCW"
14,12,Processing Equipment Corporation,Suite #111,29843 Klingon Road,Naperville,IL,60563,Commercial,C,"TPCW"
15,11,Beasley,Suite #111,7800 Nec Road,Idabel,MA,57132,Commercial,C,"TPCW"
16,17,Camera Platforms International Incorporated,Suite #111,5347 Deposed Street,Houston,TX,77244,State/Local Gov,S,"TPCW"
17,18,Cross,Suite #111,6605 Rhoncus. Avenue,Hopkinsville,NH,25620,US Govt,F,"TPCW"
18,37,Televideo Incorporated,Department #793,939 Publishers Turnpike,Fort Hood,TX,76544,Education,E,"TPCE"
19,31,Fuentes Incorporated,Suite #111,7063 Phasellus Road,Compton,WV,68519,US Govt,F,"TPCW"
20,26,Ruby Petty,Suite #111,3142 Congue  Street,Chicago,IL,76404,State/Local Gov,S,"TPCW"
21,35,Ferdinand Supply,Suite #111,6979 Quis  Street,Nome,DE,58359,US Govt,F,"TPCW"
22,4,Magainin Pharmaceuticals Incorporated,Department #332,9138 Planetesimal Lane,Twining,MI,48766,US Govt,F,"TPCE"
23,38,Blevins,Suite #111,2571 Donec Avenue,Winooski,SD,65512,Commercial,C,"TPCW"
24,24,Chantale-Huffman Incorporated,Suite #111,2761 Infinity Street,New Iberia,NH,65327,State/Local Gov,S,"TPCW"
25,14,The Final Frontier,Suite #111,528 Curabitur Road,Biddeford,MO,39683,State/Local Gov,S,"TPCW"
26,5,Saint Andrews Golf Corporation,Suite #111,8068 Substances Street,North Miami,Fl,33261,US Govt,F,"TPCW"
27,22,Santiago Processing,Suite #111,4565 Tempor Avenue,Hanahan,AK,15743,State/Local Gov,S,"TPCW"
28,7,Hop Adams,Suite #111,704 Nisl Road,Sun Valley,NY,84458,Education,E,"TPCW"
29,14,Newcor Incorporated,Suite 401,8717 Involve Drive,Homer,MI,49245,State/Local Gov,S,"TPCE"
30,8,Mullins Incorporated,Suite #111,4009 Ornare. Road,Birmingham,NE,59509,State/Local Gov,S,"TPCW"
31,21,Santos LLC.,Suite #111,9130 Fames Road,Billings,IN,12869,Commercial,C,"TPCW"
32,32,Mendoza Chem,Suite #111,4826 Urna. Avenue,Everett,MD,87048,Commercial,C,"TPCW"
33,33,India-Stuart,Suite #111,1973 At Avenue,Cudahy,CL,76482,US Govt,F,"TPCW"
34,26,Firstfed America Bancorp Incorporated,Department #851,5656 Settler Street,Ward Prairie,TX,75840,Education,E,"TPCE"
35,19,Firstfed America Bancorp Incorporated,Suite #111,5656 Settler Street,Ward Prairie,TX,75840,Education,E,"TPCW"
36,8,United Healthcare Corporation,Department #855,675 Hordes Turnpike,Malaga,NM,88263,Education,E,"TPCE"
37,34,Pulitzer Publishing Company,Suite #111,126 Pathological Circle,Woodbury,NY,11797,State/Local Gov,S,"TPCW"
38,1,Room Plus Incorporated,Suite 836,6037 Ecuadorian Street,Clinton,MI,49236,Commercial,C,"TPCE"
39,1,Beverly Equipment,Suite #111,7581 Quisque Street,Bloomington,HI,88440,State/Local Gov,S,"TPCW"
40,37,Ronan French,Suite #111,8773 Feugiat Road,Gary,WA,17387,Education,E,"TPCW"
41,19,Camera Platforms International Incorporated,Suite #111,5347 Deposed Street,Houston,TX,77244,State/Local Gov,S,"TPCE"
42,5,Sterling Financial Corp Washington,Department #505,7258 Meriting Avenue,Portland,OR,97201,Education,E,"TPCE"
43,36,Charity Incorporated,Suite #111,3254 Hendrerit Avenue,Effingham,WY,27502,Education,E,"TPCW"
44,20,Price Rivers,Suite #111,2853 Aenean Avenue,Sault Ste. Marie,MS,59316,State/Local Gov,S,"TPCW"
45,16,Martinez Disposables,Suite #111,5331 Nunc Avenue,Tucson,WA,79991,US Govt,F,"TPCW"
46,16,Meridian Resources Corporation,Department #804,1977 Symbiotic Turnpike,Fall River,MA,27240,Commercial,C,"TPCE"
47,40,Gte Corporation,Dept #532  ,7196 Heaver Lane,Winter Garden,FL,34777,State/Local Gov,S,"TPCW"
48,27,Emerson Electric Corporation,Suite #111,1792 Squash Drive,South Texarkana,TX,75501,Education,E,"TPCW"
49,17,V.e.v. Sa,Suite #111,7079 Aspect Circle,Ross Siding,PA,17723,US Govt,F,"TPCE"
50,23,Chemfix Technologies Incorporated,Suite 50  ,11533 Wonderingly Drive,Pasadena Hills,MO,63121,State/Local Gov,S,"TPCW"
51,9,Greate Bay Casino Corporation De,Department #242,4255 Depart Lane,Randolph Air Force Base,TX,78148,US Govt,F,"TPCE"
52,33,Polymer Group Incorporated,Suite 204,11368 Harder Drive,Maidstone,VT,59050,Commercial,C,"TPCE"
53,29,Genevieve Day,Suite #111,284-1916 Ac Street,Troy,IN,68914,Education,E,"TPCW"
54,11,Synaptic Pharmaceutical Corporation,Suite #111,8072 Powerless Street,Bridgeport,IL,62417,Commercial,C,"TPCE"
55,15,Merritt Long,Suite #111,3072 Cursus Avenue,West Haven,WY,83709,Commercial,C,"TPCW"
56,6,Fidelity National Corporation Ga,Department #915,11455 Sheaf Drive,Anthony,FL,32617,State/Local Gov,S,"TPCE"
57,2,Clio-Hutchinson,Suite #111,1257 Ac Avenue,Butler,SC,82126,State/Local Gov,S,"TPCW"
58,20,Labor Ready Incorporated,Department #759,4618 Days Drive,Waterville,WA,98858,US Govt,F,"TPCE"
59,30,Setron,Dept #80  ,3085 Breakthrough Drive,Hart,MO,64865,State/Local Gov,S,"TPCW"
60,25,Garrison Works,Suite #111,3801 Lacus. Road,Reno,WV,46307,Education,E,"TPCW"
61,3,Beckman Coulter Incorporated,Suite #111,5841 Pervades Drive,Fairfax,VA,22035,Education,E,"TPCE"
62,28,Oleg Jones,Suite #111,5491 Nec Road,Moraga,NE,82394,Commercial,C,"TPCW"
63,2,Motts Holdings Incorporated,Suite #111,1618 Greenland Street,Tallahassee,FL,32304,Education,E,"TPCE"
64,12,Cohesant Technologies Incorporated,Department #690,3334 Eggshell Circle,Oakley,SC,29461,US Govt,F,"TPCE"
65,34,Emerson Electric Corporation,Suite #111,1792 Squash Drive,South Texarkana,TX,75501,Education,E,"TPCE"
66,30,Pulitzer Publishing Company,Suite 277,126 Pathological Circle,Woodbury,NY,11797,State/Local Gov,S,"TPCE"
67,15,Railamerica Incorporated,Suite #111,576 Stew Turnpike,Mans De Navarro,PR,77800,Commercial,C,"TPCE"
68,23,Ligand Pharmaceuticals Incorporatedorporated,Suite #111,8092 Bluest Street,Moorcroft,WY,82721,US Govt,F,"TPCE"
69,39,Pricellular Corporation,Department #5,10947 Eagle Street,Lisbon Falls,ME,42520,Commercial,C,"TPCE"
70,18,Scp Pool Corporation,Suite 251,755 Leek Street,Enid,OK,73706,US Govt,F,"TPCE"
71,35,Integra -- A Hotel & Restaurant Company,Department #822,5222 Blazed Street,Parsons,TN,38363,US Govt,F,"TPCE"
72,22,Chemfix Technologies Incorporated,Suite 50,11533 Wonderingly Drive,Pasadena Hills,MO,63121,State/Local Gov,S,"TPCE"
73,24,Helpmate Robotics Incorporated,Suite 213,9711 Writers Turnpike,Saint Cloud,WI,53079,Education,E,"TPCE"
74,7,Fedders Corporation,Department #520,3311 Blatantly Circle,Santa Fe Springs,CA,90670,Education,E,"TPCE"
75,21,Shaw Brothers,Suite 371,2567 Cardinal Drive,Whiskey Flats,NV,89415,State/Local Gov,S,"TPCE"
76,10,Saint Andrews Golf Corporation,Suite #111,8068 Substances Street,North Miami,FL,33261,US Govt,F,"TPCE"
77,32,Greenman Technologies Incorporated,Suite #111,4910 Liveried Boulevard,Dabney,IN,47023,US Govt,F,"TPCE"
78,36,Hickory Tech Corporation,Department #633,11119 Periphery Turnpike,Simpson,LA,71474,US Govt,F,"TPCE"
79,31,Setron,Department #80,3085 Breakthrough Drive,Hart,MO,64865,State/Local Gov,S,"TPCE"
80,41,null,null,null,null,null,66666,null,null,"null"
81,999,null,null,null,null,null,66666,null,null,"null"
82,29,Blevins,Suite #111,2571 Donec Avenue,Winooski,SD,65512,Commercial,C,"PEC"
83,11,Austin Ferrell,Suite #111,8666 Justo Road,Pullman,PA,55979,Commercial,C,"PEC"
84,20,Pewter Gym,Suite #111,9028 Non Street,Sandy,FL,87202,Commercial,C,"PEC"
85,34,The Product Company (West),Suite #111,21 E Bullard Ave,Fresno,CA,93710,Commercial,C,"PEC"
86,12,Cain,Suite #111,1116 Augue Street,Warwick,DC,38450,State/Local Gov,S,"PEC"
87,35,Ann Lee,Suite #111,3845 Nunc Road,Merizo,GA,10764,US Govt,F,"PEC"
88,40,Zena Machines,Suite #111,1277 Hendrerit Avenue,San Juan,WA,70660,State/Local Gov,S,"PEC"
89,30,Knox Reid,Suite #111,500 Eu  Avenue,Pass Christian,WY,35949,Commercial,C,"PEC"
90,3,Baxter May,Suite #111,796-2366 Vel Avenue,Meriden,FL,58328,Commercial,C,"PEC"
91,2,Rudyard-Knapp,Suite #111,9261 Nulla Street,Sault Ste. Marie,LA,94298,State/Local Gov,S,"PEC"
92,8,Gemma Castro,Suite #111,9101 Duis Street,Passaic,VT,40926,US Govt,F,"PEC"
93,23,Cross,Suite #111,112 In Road,Opelousas,GA,43882,US Govt,F,"PEC"
94,4,Maya Brewer,Suite #111,P.O. Box 825  6836 At  Road,Union City,ND,82051,State/Local Gov,S,"PEC"
95,24,Martinez Disposables,Suite #111,5331 Nunc Avenue,Tucson,DC,79991,US Govt,F,"PEC"
96,33,Tallulah,Suite #111,3376 Aliquet. Street,Batavia,NM,50742,Commercial,C,"PEC"
97,31,Starfleet Academy,Suite #111,3061 Donec Avenue,Canandaigua,UT,75963,Education,E,"PEC"
98,39,Ronan French,Suite #111,8773 Feugiat Road,Gary,WA,17387,Education,E,"PEC"
99,32,Ferengi Treasures,Suite #111,716-6837 Vulputate Avenue,Paramount,NY,35644,Commercial,C,"PEC"
100,36,Kuame Barnes,Suite #111,8757 Tincidunt. Road,Lahaina,RI,60529,US Govt,F,"PEC"
101,25,Atkins,Suite #111,4607 Risus. Road,Waukegan,NC,43147,State/Local Gov,S,"PEC"
102,19,Emerson Electric Co.,Suite #111,1792 Squash Drive,South Texarkana,TX,75501,Education,E,"PEC"
103,15,Colton Maldonado,Suite #111,1869 Leo. Road,Cedar Rapids,SD,97640,Commercial,C,"PEC"
104,14,Serrano,Suite #111,7212 Eleifend. Street,Princeton,KY,66785,Commercial,C,"PEC"
105,37,Beverly Equipment,Suite #111,7581 Quisque Street,Bloomington,HI,88440,State/Local Gov,S,"PEC"
106,21,Hop Adams,Suite #111,704 Nisl Road,Sun Valley,NH,84458,Education,E,"PEC"
107,7,Martin Donaldson,Suite #111,2704 At Road,Gardner,GA,31421,Education,E,"PEC"
108,16,Googol,Suite #111,5453 Dictum. Avenue,Jenks,LA,96393,Commercial,C,"PEC"
109,17,Mallory Lynch,Suite #111,974 Nisl. Road,Washington,ME,15623,US Govt,F,"PEC"
110,6,Raphael Allison,Suite #111,734-2598 Sed Avenue,La Crosse,HI,58702,Commercial,C,"PEC"
111,22,Xavier Harmon,Suite #111,2285 Ante Street,Farmington,WV,16456,Education,E,"PEC"
112,13,Knight,Suite #111,765 Eget Avenue,Eureka,FL,57500,US Govt,F,"PEC"
113,1,Haynes,Suite #111,2920 Auctor  Road,Moraga,AZ,70314,Education,E,"PEC"
114,28,Schultz Learning,Suite #111,8542 Quis Street,Spartanburg,ND,73217,Education,E,"PEC"
115,26,Dakota Mills,Suite #111,7442 Amet Avenue,Syracuse,DE,56656,US Govt,F,"PEC"
116,5,Mullins Inc.,Suite #111,4009 Ornare. Road,Birmingham,NE,59509,State/Local Gov,S,"PEC"
117,18,Melvin House,Suite #111,8371 Nullam Road,Isle of Palms,ME,89644,Education,E,"PEC"
118,38,Firstfed America Bancorp Inc,Suite #111,5656 Settler Street,Ward Prairie,TX,75840,Education,E,"PEC"
119,27,Clare Baird,Suite #111,6152 Auctor Road,Wilson,MS,29338,Commercial,C,"PEC"
120,10,Hammett Farley,Suite #111,1668 In Street,Yonkers,AK,18651,State/Local Gov,S,"PEC"
121,9,The Product Company (East),Suite #111,20021 Barnes Road,Stratford,NY,13470,Commercial,C,"PEC"
