method_SK,shipmethod,paymentmethod,ordermethod
1,n/a,cod,"email"
2,air,cod,"email"
3,n/a,cod,"internet"
4,train,cod,"email"
5,n/a,cash,"email"
6,truck,charge,"email"
7,train,cod,"internet"
8,air,cash,"email"
9,air,cash,"phone"
10,air,cash,"internet"
11,train,cash,"internet"
12,truck,cash,"internet"
13,air,charge,"internet"
14,n/a,cash,"internet"
15,n/a,cash,"phone"
16,n/a,cod,"phone"
17,truck,cod,"phone"
18,truck,cod,"email"
19,air,charge,"email"
20,air,charge,"phone"
21,truck,cod,"internet"
22,air,cod,"internet"
23,train,cash,"email"
24,train,charge,"internet"
25,n/a,charge,"internet"
26,truck,charge,"internet"
27,truck,cash,"phone"
28,truck,charge,"phone"
29,train,charge,"email"
30,air,cod,"phone"
31,train,cod,"phone"
32,train,charge,"phone"
33,truck,cash,"email"
34,n/a,charge,"email"
35,train,cash,"phone"
36,n/a,charge,"phone"
37,null,null,null
