product_SK,prodid,description,price1,price2,prodtypeid,unitcost,typedescription,buid,buidname,abbrev,division
1,22,"Whippers Covers",489,410,13,390,Covers,"D   ",Miscellaneous,Miscellaneous,"TPCE"
2,8,"Septembers Manufacturing Equipment",584,523,2,518,"Manufacturing Equip","A   ","Processing Equipment",Equipment,"TPCE"
3,11,"Sulkiness Covers",354,290,13,272,Covers,"D   ",Miscellaneous,Miscellaneous,"TPCE"
4,4,"Embodying Cleaning Supplies",251,214,5,207,"Cleaning Supplies","B   ","Disposable Supplies",Supplies,"TPCE"
5,18,"Miniaturizing Manufacturing Equipment",456,380,2,353,"Manufacturing Equip","A   ","Processing Equipment",Equipment,"TPCE"
6,15,"Disposed Fillers",159,138,12,133,Fillers,"D   ",Miscellaneous,Miscellaneous,"TPCW"
7,59,"Tonnage Plastic Supplies",369,316,7,309,"Plastic Supplies","B   ","Disposable Supplies",Supplies,"TPCW"
8,36,"Bomber Photo Equipment",461,400,1,380,"Photo Equipment","A   ","Processing Equipment",Equipment,"TPCW"
9,22,"Whippers Covers",489,410,13,390,Covers,"D   ",Miscellaneous,Miscellaneous,"TPCW"
10,92,"Behind Tray Supplies",167,139,8,129,"Tray Supplies","B   ","Disposable Supplies",Supplies,"TPCW"
11,104,"LCARS Covers",289,231,13,212,Covers,"D   ",Miscellaneous,Miscellaneous,"TPCW"
12,6,"Planetesimal Manufacturing Equipment",347,307,2,286,"Manufacturing Equip","A   ","Processing Equipment",Equipment,"TPCW"
13,1,"Enumerator Polishing Equipment",165,143,3,135,"Polishing Equipment","A   ","Processing Equipment",Equipment,"TPCW"
14,30,"Detectives Jacks",283,248,15,236,Jacks,"D   ",Miscellaneous,Miscellaneous,"TPCW"
15,4,"Embodying Cleaning Supplies",251,214,5,207,"Cleaning Supplies","B   ","Disposable Supplies",Supplies,"TPCW"
16,10,"Defeated Tray Supplies",560,477,8,448,"Tray Supplies","B   ","Disposable Supplies",Supplies,"TPCE"
17,17,"Optima Cleaning Supplies",288,256,5,243,"Cleaning Supplies","B   ","Disposable Supplies",Supplies,"TPCW"
18,50,"Restarts Paper Supplies",524,448,6,426,"Paper Supplies","B   ","Disposable Supplies",Supplies,"TPCW"
19,83,"Horses Lifts",487,403,14,366,Lifts,"D   ",Miscellaneous,Miscellaneous,"TPCW"
20,71,"Simulations Photo Equipment",318,256,1,245,"Photo Equipment","A   ","Processing Equipment",Equipment,"TPCW"
21,62,"Substances Flushing Chemicals",507,410,10,398,"Flushing Chemicals","C   ",Chemicals,Chemicals,"TPCW"
22,40,"Insensitivity Manufacturing Equipment",201,180,2,170,"Manufacturing Equip","A   ","Processing Equipment",Equipment,"TPCW"
23,95,"Duplicator Polishing Equipment",544,465,3,433,"Polishing Equipment","A   ","Processing Equipment",Equipment,"TPCW"
24,75,"Deferrable Freezing Chemicals",145,124,11,113,"Freezing Chemicals","C   ",Chemicals,Chemicals,"TPCW"
25,33,"Consumable Tray Supplies",396,347,8,337,"Tray Supplies","B   ","Disposable Supplies",Supplies,"TPCE"
26,57,"South Tray Supplies",241,205,8,203,"Tray Supplies","B   ","Disposable Supplies",Supplies,"TPCW"
27,81,"Palm Polishing Equipment",122,105,3,103,"Polishing Equipment","A   ","Processing Equipment",Equipment,"TPCW"
28,10,"Defeated Tray Supplies",560,477,8,448,"Tray Supplies","B   ","Disposable Supplies",Supplies,"TPCW"
29,33,"Consumable Tray Supplies",396,347,8,337,"Tray Supplies","B   ","Disposable Supplies",Supplies,"TPCW"
30,28,"Wonderingly Covers",547,467,13,453,Covers,"D   ",Miscellaneous,Miscellaneous,"TPCW"
31,74,"Flanker Fillers",271,236,12,220,Fillers,"D   ",Miscellaneous,Miscellaneous,"TPCW"
32,7,"Commendation Fillers",436,380,12,365,Fillers,"D   ",Miscellaneous,Miscellaneous,"TPCW"
33,38,"Syntax Polishing Equipment",227,191,3,178,"Polishing Equipment","A   ","Processing Equipment",Equipment,"TPCW"
34,11,"Sulkiness Covers",354,290,13,272,Covers,"D   ",Miscellaneous,Miscellaneous,"TPCW"
35,2,"Tailor Jacks",510,430,15,400,Jacks,"D   ",Miscellaneous,Miscellaneous,"TPCE"
36,49,"Visage Flushing Chemicals",568,508,10,467,"Flushing Chemicals","C   ",Chemicals,Chemicals,"TPCW"
37,97,"Stickiest Paper Supplies",576,503,6,468,"Paper Supplies","B   ","Disposable Supplies",Supplies,"TPCW"
38,52,"Identical Freezing Chemicals",578,466,11,447,"Freezing Chemicals","C   ",Chemicals,Chemicals,"TPCW"
39,53,"Ruffle Freezing Chemicals",476,395,11,379,"Freezing Chemicals","C   ",Chemicals,Chemicals,"TPCW"
40,98,"Barrels Flushing Chemicals",135,117,10,108,"Flushing Chemicals","C   ",Chemicals,Chemicals,"TPCW"
41,100,"Pervasively Manufacturing Equipment",374,335,2,308,"Manufacturing Equip","A   ","Processing Equipment",Equipment,"TPCW"
42,2,"Tailor Jacks",510,430,15,400,Jacks,"D   ",Miscellaneous,Miscellaneous,"TPCW"
43,35,"Chromium Photo Equipment",566,457,1,425,"Photo Equipment","A   ","Processing Equipment",Equipment,"TPCE"
44,23,"Decided Tray Supplies",233,202,8,198,"Tray Supplies","B   ","Disposable Supplies",Supplies,"TPCW"
45,61,"Courthouses Manufacturing Equipment",286,244,2,231,"Manufacturing Equip","A   ","Processing Equipment",Equipment,"TPCW"
46,91,"Scribble Plastic Supplies",492,406,7,398,"Plastic Supplies","B   ","Disposable Supplies",Supplies,"TPCW"
47,35,"Chromium Photo Equipment",566,457,1,425,"Photo Equipment","A   ","Processing Equipment",Equipment,"TPCW"
48,29,"Bluest Fillers",507,428,12,398,Fillers,"D   ",Miscellaneous,Miscellaneous,"TPCW"
49,85,"Disallow Manufacturing Equipment",165,146,2,144,"Manufacturing Equip","A   ","Processing Equipment",Equipment,"TPCW"
50,51,"Reflection Lifts",498,448,14,439,Lifts,"D   ",Miscellaneous,Miscellaneous,"TPCW"
51,3,"Sortie Covers",248,213,13,207,Covers,"D   ",Miscellaneous,Miscellaneous,"TPCW"
52,14,"Engle Photo Chemicals",430,346,9,343,"Photo Chemicals","C   ",Chemicals,Chemicals,"TPCW"
53,96,"Drafty Cleaning Supplies",107,93,5,89,"Cleaning Supplies","B   ","Disposable Supplies",Supplies,"TPCW"
54,105,"Just Paper Supplies",279,201,6,193,"Paper Supplies","B   ","Disposable Supplies",Supplies,"TPCW"
55,5,"Automobiles Fillers",284,228,12,219,Fillers,"D   ",Miscellaneous,Miscellaneous,"TPCW"
56,9,"Millimeters Flushing Chemicals",296,252,10,242,"Flushing Chemicals","C   ",Chemicals,Chemicals,"TPCE"
57,13,"Coward Covers",430,349,13,328,Covers,"D   ",Miscellaneous,Miscellaneous,"TPCW"
58,77,"Vastest Photo Equipment",498,442,1,420,"Photo Equipment","A   ","Processing Equipment",Equipment,"TPCW"
59,15,"Disposed Fillers",159,138,12,133,Fillers,"D   ",Miscellaneous,Miscellaneous,"TPCE"
60,86,"Soya Cleaning Supplies",407,346,5,346,"Cleaning Supplies","B   ","Disposable Supplies",Supplies,"TPCW"
61,21,"Denigrating Polishing Equipment",566,454,3,427,"Polishing Equipment","A   ","Processing Equipment",Equipment,"TPCW"
62,72,"Anthem Tray Supplies",135,112,8,109,"Tray Supplies","B   ","Disposable Supplies",Supplies,"TPCW"
63,93,"Bellowing Polishing Equipment",503,451,3,447,"Polishing Equipment","A   ","Processing Equipment",Equipment,"TPCW"
64,32,"Chartable Photo Equipment",410,347,1,313,"Photo Equipment","A   ","Processing Equipment",Equipment,"TPCW"
65,1,"Enumerator Polishing Equipment",165,143,3,135,"Polishing Equipment","A   ","Processing Equipment",Equipment,"TPCE"
66,73,"Cosgrove Jacks",299,268,15,254,Jacks,"D   ",Miscellaneous,Miscellaneous,"TPCW"
67,101,"Optima Cleaning Supplies",288,256,5,243,"Cleaning Supplies","B   ","Disposable Supplies",Supplies,"TPCW"
68,54,"Honeymoon Photo Chemicals",326,292,9,272,"Photo Chemicals","C   ",Chemicals,Chemicals,"TPCW"
69,37,"Concentrators Polishing Equipment",585,525,3,483,"Polishing Equipment","A   ","Processing Equipment",Equipment,"TPCW"
70,80,"Temporally Plastic Supplies",478,408,7,372,"Plastic Supplies","B   ","Disposable Supplies",Supplies,"TPCW"
71,70,"Escape Manufacturing Equipment",584,524,2,508,"Manufacturing Equip","A   ","Processing Equipment",Equipment,"TPCW"
72,8,"Septembers Manufacturing Equipment",584,523,2,518,"Manufacturing Equip","A   ","Processing Equipment",Equipment,"TPCW"
73,47,"Significants Freezing Chemicals",142,113,11,104,"Freezing Chemicals","C   ",Chemicals,Chemicals,"TPCW"
74,89,"Travel Paper Supplies",130,109,6,103,"Paper Supplies","B   ","Disposable Supplies",Supplies,"TPCW"
75,45,"Slacking Jacks",495,400,15,388,Jacks,"D   ",Miscellaneous,Miscellaneous,"TPCW"
76,12,"Travelings Photo Chemicals",274,242,12,225,Fillers,"D   ",Miscellaneous,Miscellaneous,"TPCW"
77,69,"Hits Tray Supplies",440,359,8,341,"Tray Supplies","B   ","Disposable Supplies",Supplies,"TPCW"
78,3,"Sortie Covers",248,213,13,207,Covers,"D   ",Miscellaneous,Miscellaneous,"TPCE"
79,102,"Measured Photo Chemicals",318,271,9,254,"Photo Chemicals","C   ",Chemicals,Chemicals,"TPCW"
80,20,"Flake Photo Equipment",232,204,1,194,"Photo Equipment","A   ","Processing Equipment",Equipment,"TPCW"
81,94,"Beliefs Freezing Chemicals",567,484,11,455,"Freezing Chemicals","C   ",Chemicals,Chemicals,"TPCW"
82,7,"Commendation Fillers",436,380,12,365,Fillers,"D   ",Miscellaneous,Miscellaneous,"TPCE"
83,34,"Sailors Manufacturing Equipment",340,290,2,279,"Manufacturing Equip","A   ","Processing Equipment",Equipment,"TPCW"
84,56,"Allis Polishing Equipment",202,176,3,160,"Polishing Equipment","A   ","Processing Equipment",Equipment,"TPCW"
85,39,"Overlays Plastic Supplies",301,254,7,242,"Plastic Supplies","B   ","Disposable Supplies",Supplies,"TPCW"
86,42,"Carelessly Freezing Chemicals",560,468,11,426,"Freezing Chemicals","C   ",Chemicals,Chemicals,"TPCW"
87,24,"Bandage Manufacturing Equipment",298,267,2,254,"Manufacturing Equip","A   ","Processing Equipment",Equipment,"TPCE"
88,68,"Loaves Polishing Equipment",426,361,3,354,"Polishing Equipment","A   ","Processing Equipment",Equipment,"TPCW"
89,60,"Habitually Manufacturing Equipment",509,419,2,394,"Manufacturing Equip","A   ","Processing Equipment",Equipment,"TPCW"
90,90,"Curiouser Cleaning Supplies",419,364,5,339,"Cleaning Supplies","B   ","Disposable Supplies",Supplies,"TPCW"
91,26,"Subclasses Polishing Equipment",283,239,3,237,"Polishing Equipment","A   ","Processing Equipment",Equipment,"TPCW"
92,87,"Suing Manufacturing Equipment",482,427,2,401,"Manufacturing Equip","A   ","Processing Equipment",Equipment,"TPCW"
93,63,"Weeks Polishing Equipment",199,174,3,169,"Polishing Equipment","A   ","Processing Equipment",Equipment,"TPCW"
94,65,"Extinguisher Manufacturing Equipment",120,98,2,90,"Manufacturing Equip","A   ","Processing Equipment",Equipment,"TPCW"
95,25,"Chalmers Polishing Equipment",289,243,3,223,"Polishing Equipment","A   ","Processing Equipment",Equipment,"TPCW"
96,18,"Miniaturizing Manufacturing Equipment",456,380,2,353,"Manufacturing Equip","A   ","Processing Equipment",Equipment,"TPCW"
97,103,"Whale Lifts",493,407,14,385,Lifts,"D   ",Miscellaneous,Miscellaneous,"TPCW"
98,99,"Richards Freezing Chemicals",529,475,11,471,"Freezing Chemicals","C   ",Chemicals,Chemicals,"TPCW"
99,46,"Distantly Paper Supplies",518,436,6,419,"Paper Supplies","B   ","Disposable Supplies",Supplies,"TPCW"
100,55,"Bumblers Plastic Supplies",545,466,7,448,"Plastic Supplies","B   ","Disposable Supplies",Supplies,"TPCW"
101,9,"Millimeters Flushing Chemicals",296,252,10,242,"Flushing Chemicals","C   ",Chemicals,Chemicals,"TPCW"
102,5,"Automobiles Fillers",284,228,12,219,Fillers,"D   ",Miscellaneous,Miscellaneous,"TPCE"
103,58,"Characterization Plastic Supplies",232,186,7,169,"Plastic Supplies","B   ","Disposable Supplies",Supplies,"TPCW"
104,88,"Vestiges Tray Supplies",231,192,8,186,"Tray Supplies","B   ","Disposable Supplies",Supplies,"TPCW"
105,82,"Numerals Covers",103,89,13,84,Covers,"D   ",Miscellaneous,Miscellaneous,"TPCW"
106,25,"Chalmers Polishing Equipment",289,243,3,223,"Polishing Equipment","A   ","Processing Equipment",Equipment,"TPCE"
107,66,"Exemplar Freezing Chemicals",198,161,11,153,"Freezing Chemicals","C   ",Chemicals,Chemicals,"TPCW"
108,76,"Scrounge Jacks",302,251,15,249,Jacks,"D   ",Miscellaneous,Miscellaneous,"TPCW"
109,24,"Bandage Manufacturing Equipment",298,267,2,254,"Manufacturing Equip","A   ","Processing Equipment",Equipment,"TPCW"
110,84,"Unjust Paper Supplies",222,182,6,177,"Paper Supplies","B   ","Disposable Supplies",Supplies,"TPCW"
111,6,"Planetesimal Manufacturing Equipment",347,307,2,286,"Manufacturing Equip","A   ","Processing Equipment",Equipment,"TPCE"
112,20,"Flake Photo Equipment",232,204,1,194,"Photo Equipment","A   ","Processing Equipment",Equipment,"TPCE"
113,27,"Pinnings Plastic Supplies",337,302,7,287,"Plastic Supplies","B   ","Disposable Supplies",Supplies,"TPCW"
114,64,"Berwick Fillers",584,488,12,463,Fillers,"D   ",Miscellaneous,Miscellaneous,"TPCW"
115,48,"Patriarchal Cleaning Supplies",352,285,5,265,"Cleaning Supplies","B   ","Disposable Supplies",Supplies,"TPCW"
116,44,"Birthdays Manufacturing Equipment",197,173,2,161,"Manufacturing Equip","A   ","Processing Equipment",Equipment,"TPCW"
117,17,"Optima Cleaning Supplies",288,256,5,243,"Cleaning Supplies","B   ","Disposable Supplies",Supplies,"TPCE"
118,31,"Simplifier Tray Supplies",409,349,8,328,"Tray Supplies","B   ","Disposable Supplies",Supplies,"TPCW"
119,67,"Occlusion Manufacturing Equipment",200,177,2,165,"Manufacturing Equip","A   ","Processing Equipment",Equipment,"TPCW"
120,43,"Blazed Covers",495,417,13,404,Covers,"D   ",Miscellaneous,Miscellaneous,"TPCW"
121,32,"Chartable Photo Equipment",410,347,1,313,"Photo Equipment","A   ","Processing Equipment",Equipment,"TPCE"
122,78,"Measured Photo Chemicals",318,271,9,254,"Photo Chemicals","C   ",Chemicals,Chemicals,"TPCW"
123,79,"Siena Plastic Supplies",155,136,7,132,"Plastic Supplies","B   ","Disposable Supplies",Supplies,"TPCW"
124,42,"Carelessly Freezing Chemicals",560,468,11,426,"Freezing Chemicals","C   ",Chemicals,Chemicals,"TPCE"
125,16,"Enhanced Covers",461,384,13,361,Covers,"D   ",Miscellaneous,Miscellaneous,"TPCW"
126,23,"Decided Tray Supplies",233,202,8,198,"Tray Supplies","B   ","Disposable Supplies",Supplies,"TPCE"
127,12,"Travelings Photo Chemicals",274,242,9,225,"Photo Chemicals","C   ",Chemicals,Chemicals,"TPCE"
128,14,"Engle Photo Chemicals",430,346,9,343,"Photo Chemicals","C   ",Chemicals,Chemicals,"TPCE"
129,41,"Consideration Tray Supplies",173,147,8,140,"Tray Supplies","B   ","Disposable Supplies",Supplies,"TPCW"
130,31,"Simplifier Tray Supplies",409,349,8,328,"Tray Supplies","B   ","Disposable Supplies",Supplies,"TPCE"
131,19,"Hesitating Jacks",124,100,15,96,Jacks,"D   ",Miscellaneous,Miscellaneous,"TPCW"
132,21,"Denigrating Polishing Equipment",566,454,3,427,"Polishing Equipment","A   ","Processing Equipment",Equipment,"TPCE"
133,13,"Coward Covers",430,349,13,328,Covers,"D   ",Miscellaneous,Miscellaneous,"TPCE"
134,47,"Significants Freezing Chemicals",142,113,11,104,"Freezing Chemicals","C   ",Chemicals,Chemicals,"TPCE"
135,16,"Enhanced Covers",461,384,13,361,Covers,"D   ",Miscellaneous,Miscellaneous,"TPCE"
136,95,"Duplicator Polishing Equipment",544,465,3,433,"Polishing Equipment","A   ","Processing Equipment",Equipment,"TPCE"
137,29,"Bluest Fillers",507,428,12,398,Fillers,"D   ",Miscellaneous,Miscellaneous,"TPCE"
138,28,"Wonderingly Covers",547,467,13,453,Covers,"D   ",Miscellaneous,Miscellaneous,"TPCE"
139,40,"Insensitivity Manufacturing Equipment",201,180,2,170,"Manufacturing Equip","A   ","Processing Equipment",Equipment,"TPCE"
140,45,"Slacking Jacks",495,400,15,388,Jacks,"D   ",Miscellaneous,Miscellaneous,"TPCE"
141,34,"Sailors Manufacturing Equipment",340,290,2,279,"Manufacturing Equip","A   ","Processing Equipment",Equipment,"TPCE"
142,39,"Overlays Plastic Supplies",301,254,7,242,"Plastic Supplies","B   ","Disposable Supplies",Supplies,"TPCE"
143,26,"Subclasses Polishing Equipment",283,239,3,237,"Polishing Equipment","A   ","Processing Equipment",Equipment,"TPCE"
144,27,"Pinnings Plastic Supplies",337,302,7,287,"Plastic Supplies","B   ","Disposable Supplies",Supplies,"TPCE"
145,19,"Hesitating Jacks",124,100,15,96,Jacks,"D   ",Miscellaneous,Miscellaneous,"TPCE"
146,96,"Drafty Cleaning Supplies",107,93,5,89,"Cleaning Supplies","B   ","Disposable Supplies",Supplies,"TPCE"
147,97,"Stickiest Paper Supplies",576,503,6,468,"Paper Supplies","B   ","Disposable Supplies",Supplies,"TPCE"
148,38,"Syntax Polishing Equipment",227,191,3,178,"Polishing Equipment","A   ","Processing Equipment",Equipment,"TPCE"
149,41,"Consideration Tray Supplies",173,147,8,140,"Tray Supplies","B   ","Disposable Supplies",Supplies,"TPCE"
150,98,"Barrels Flushing Chemicals",135,117,10,108,"Flushing Chemicals","C   ",Chemicals,Chemicals,"TPCE"
151,37,"Concentrators Polishing Equipment",585,525,3,483,"Polishing Equipment","A   ","Processing Equipment",Equipment,"TPCE"
152,44,"Birthdays Manufacturing Equipment",197,173,2,161,"Manufacturing Equip","A   ","Processing Equipment",Equipment,"TPCE"
153,46,"Distantly Paper Supplies",518,436,6,419,"Paper Supplies","B   ","Disposable Supplies",Supplies,"TPCE"
154,30,"Detectives Jacks",283,248,15,236,Jacks,"D   ",Miscellaneous,Miscellaneous,"TPCE"
155,99,"Richards Freezing Chemicals",529,475,11,471,"Freezing Chemicals","C   ",Chemicals,Chemicals,"TPCE"
156,100,"Pervasively Manufacturing Equipment",374,335,2,308,"Manufacturing Equip","A   ","Processing Equipment",Equipment,"TPCE"
157,36,"Bomber Photo Equipment",461,400,1,380,"Photo Equipment","A   ","Processing Equipment",Equipment,"TPCE"
158,43,"Blazed Covers",495,417,13,404,Covers,"D   ",Miscellaneous,Miscellaneous,"TPCE"
159,48,"Patriarchal Cleaning Supplies",352,285,5,265,"Cleaning Supplies","B   ","Disposable Supplies",Supplies,"TPCE"
160,55,"Bumblers Plastic Supplies",545,466,7,448,"Plastic Supplies","B   ","Disposable Supplies",Supplies,"TPCE"
161,75,"Deferrable Freezing Chemicals",145,124,11,113,"Freezing Chemicals","C   ",Chemicals,Chemicals,"TPCE"
162,85,"Disallow Manufacturing Equipment",165,146,2,144,"Manufacturing Equip","A   ","Processing Equipment",Equipment,"TPCE"
163,65,"Extinguisher Manufacturing Equipment",120,98,2,90,"Manufacturing Equip","A   ","Processing Equipment",Equipment,"TPCE"
164,54,"Honeymoon Photo Chemicals",326,292,9,272,"Photo Chemicals","C   ",Chemicals,Chemicals,"TPCE"
165,74,"Flanker Fillers",271,236,12,220,Fillers,"D   ",Miscellaneous,Miscellaneous,"TPCE"
166,84,"Unjust Paper Supplies",222,182,6,177,"Paper Supplies","B   ","Disposable Supplies",Supplies,"TPCE"
167,94,"Beliefs Freezing Chemicals",567,484,11,455,"Freezing Chemicals","C   ",Chemicals,Chemicals,"TPCE"
168,52,"Identical Freezing Chemicals",578,466,11,447,"Freezing Chemicals","C   ",Chemicals,Chemicals,"TPCE"
169,77,"Vastest Photo Equipment",498,442,1,420,"Photo Equipment","A   ","Processing Equipment",Equipment,"TPCE"
170,73,"Cosgrove Jacks",299,268,15,254,Jacks,"D   ",Miscellaneous,Miscellaneous,"TPCE"
171,72,"Anthem Tray Supplies",135,112,8,109,"Tray Supplies","B   ","Disposable Supplies",Supplies,"TPCE"
172,71,"Simulations Photo Equipment",318,256,1,245,"Photo Equipment","A   ","Processing Equipment",Equipment,"TPCE"
173,53,"Ruffle Freezing Chemicals",476,395,11,379,"Freezing Chemicals","C   ",Chemicals,Chemicals,"TPCE"
174,59,"Tonnage Plastic Supplies",369,316,7,309,"Plastic Supplies","B   ","Disposable Supplies",Supplies,"TPCE"
175,88,"Vestiges Tray Supplies",231,192,8,186,"Tray Supplies","B   ","Disposable Supplies",Supplies,"TPCE"
176,87,"Suing Manufacturing Equipment",482,427,2,401,"Manufacturing Equip","A   ","Processing Equipment",Equipment,"TPCE"
177,86,"Soya Cleaning Supplies",407,346,5,346,"Cleaning Supplies","B   ","Disposable Supplies",Supplies,"TPCE"
178,63,"Weeks Polishing Equipment",199,174,3,169,"Polishing Equipment","A   ","Processing Equipment",Equipment,"TPCE"
179,68,"Loaves Polishing Equipment",426,361,3,354,"Polishing Equipment","A   ","Processing Equipment",Equipment,"TPCE"
180,90,"Curiouser Cleaning Supplies",419,364,5,339,"Cleaning Supplies","B   ","Disposable Supplies",Supplies,"TPCE"
181,49,"Visage Flushing Chemicals",568,508,10,467,"Flushing Chemicals","C   ",Chemicals,Chemicals,"TPCE"
182,56,"Allis Polishing Equipment",202,176,3,160,"Polishing Equipment","A   ","Processing Equipment",Equipment,"TPCE"
183,57,"South Tray Supplies",241,205,8,203,"Tray Supplies","B   ","Disposable Supplies",Supplies,"TPCE"
184,58,"Characterization Plastic Supplies",232,186,7,169,"Plastic Supplies","B   ","Disposable Supplies",Supplies,"TPCE"
185,50,"Restarts Paper Supplies",524,448,6,426,"Paper Supplies","B   ","Disposable Supplies",Supplies,"TPCE"
186,399,null,0,0,0,0,null,null,null,null,null
187,60,"Habitually Manufacturing Equipment",509,419,2,394,"Manufacturing Equip","A   ","Processing Equipment",Equipment,"TPCE"
188,61,"Courthouses Manufacturing Equipment",286,244,2,231,"Manufacturing Equip","A   ","Processing Equipment",Equipment,"TPCE"
189,62,"Substances Flushing Chemicals",507,410,10,398,"Flushing Chemicals","C   ",Chemicals,Chemicals,"TPCE"
190,51,"Reflection Lifts",498,448,14,439,Lifts,"D   ",Miscellaneous,Miscellaneous,"TPCE"
191,64,"Berwick Fillers",584,488,12,463,Fillers,"D   ",Miscellaneous,Miscellaneous,"TPCE"
192,66,"Exemplar Freezing Chemicals",198,161,11,153,"Freezing Chemicals","C   ",Chemicals,Chemicals,"TPCE"
193,67,"Occlusion Manufacturing Equipment",200,177,2,165,"Manufacturing Equip","A   ","Processing Equipment",Equipment,"TPCE"
194,69,"Hits Tray Supplies",440,359,8,341,"Tray Supplies","B   ","Disposable Supplies",Supplies,"TPCE"
195,70,"Escape Manufacturing Equipment",584,524,2,508,"Manufacturing Equip","A   ","Processing Equipment",Equipment,"TPCE"
196,999,null,0,0,0,0,null,null,null,null,null
197,76,"Scrounge Jacks",302,251,15,249,Jacks,"D   ",Miscellaneous,Miscellaneous,"TPCE"
198,78,"Measured Photo Chemicals",318,271,9,254,"Photo Chemicals","C   ",Chemicals,Chemicals,"TPCE"
199,79,"Siena Plastic Supplies",155,136,7,132,"Plastic Supplies","B   ","Disposable Supplies",Supplies,"TPCE"
200,80,"Temporally Plastic Supplies",478,408,7,372,"Plastic Supplies","B   ","Disposable Supplies",Supplies,"TPCE"
201,81,"Palm Polishing Equipment",122,105,3,103,"Polishing Equipment","A   ","Processing Equipment",Equipment,"TPCE"
202,82,"Numerals Covers",103,89,13,84,Covers,"D   ",Miscellaneous,Miscellaneous,"TPCE"
203,83,"Horses Lifts",487,403,14,366,Lifts,"D   ",Miscellaneous,Miscellaneous,"TPCE"
204,89,"Travel Paper Supplies",130,109,6,103,"Paper Supplies","B   ","Disposable Supplies",Supplies,"TPCE"
205,91,"Scribble Plastic Supplies",492,406,7,398,"Plastic Supplies","B   ","Disposable Supplies",Supplies,"TPCE"
206,92,"Behind Tray Supplies",167,139,8,129,"Tray Supplies","B   ","Disposable Supplies",Supplies,"TPCE"
207,93,"Bellowing Polishing Equipment",503,451,3,447,"Polishing Equipment","A   ","Processing Equipment",Equipment,"TPCE"
208,25,"Automobiles Fillers",284,228,12,219,Fillers,"D   ",Miscellaneous,Miscellaneous,"PEC"
209,40,"Subclasses Polishing Equipment",283,239,3,0,"Polishing Equipment","A   ","Processing Equipment",Equipment,"PEC"
210,13,"Coward Covers",430,349,13,328,Covers,"D   ",Miscellaneous,Miscellaneous,"PEC"
211,28,"Palm Polishing Equipment",122,105,3,0,"Polishing Equipment","A   ","Processing Equipment",Equipment,"PEC"
212,19,"Habitually Manufacturing Equip",509,419,2,0,"Manufacturing Equip","A   ","Processing Equipment",Equipment,"PEC"
213,22,"Extinguisher Manufacturing Equip",120,98,2,0,"Manufacturing Equip","A   ","Processing Equipment",Equipment,"PEC"
214,37,"Escape Manufacturing Equip",584,524,2,0,"Manufacturing Equip","A   ","Processing Equipment",Equipment,"PEC"
215,36,"Duplicator Polishing Equipment",544,465,3,0,"Polishing Equipment","A   ","Processing Equipment",Equipment,"PEC"
216,31,"Bellowing Polishing Equipment",503,451,3,0,"Polishing Equipment","A   ","Processing Equipment",Equipment,"PEC"
217,39,"Disallow Manufacturing Equip",165,146,2,0,"Manufacturing Equip","A   ","Processing Equipment",Equipment,"PEC"
218,43,"Bomber Photo Equipment",461,400,1,0,"Photo Equipment","A   ","Processing Equipment",Equipment,"PEC"
219,17,"Sortie Covers",248,213,13,207,Covers,"D   ",Miscellaneous,Miscellaneous,"PEC"
220,35,"Birthdays Manufacturing Equip",197,173,2,0,"Manufacturing Equip","A   ","Processing Equipment",Equipment,"PEC"
221,41,"Sulkiness Covers",354,290,13,272,Covers,"D   ",Miscellaneous,Miscellaneous,"PEC"
222,8,"Chalmers Polishing Equipment",289,243,3,0,"Polishing Equipment","A   ","Processing Equipment",Equipment,"PEC"
223,12,"Chromium Photo Equipment",566,457,1,0,"Photo Equipment","A   ","Processing Equipment",Equipment,"PEC"
224,42,"Concentrators Polishing Equipment",585,525,3,0,"Polishing Equipment","A   ","Processing Equipment",Equipment,"PEC"
225,32,"Embodying Cleaning Supplies",251,214,5,207,"Cleaning Supplies","B   ","Disposable Supplies",Supplies,"PEC"
226,7,"Bandage Manufacturing Equip",298,267,2,0,"Manufacturing Equip","A   ","Processing Equipment",Equipment,"PEC"
227,18,"Allis Polishing Equipment",202,176,3,0,"Polishing Equipment","A   ","Processing Equipment",Equipment,"PEC"
228,27,"Vastest Photo Equipment",498,442,1,0,"Photo Equipment","A   ","Processing Equipment",Equipment,"PEC"
229,5,"Flake Photo Equipment",232,204,1,0,"Photo Equipment","A   ","Processing Equipment",Equipment,"PEC"
230,4,"Miniaturizing Manufacturing Equip",456,380,2,0,"Manufacturing Equip","A   ","Processing Equipment",Equipment,"PEC"
231,38,"Commendation Fillers",436,380,12,365,Fillers,"D   ",Miscellaneous,Miscellaneous,"PEC"
232,15,"Syntax Polishing Equipment",227,191,3,0,"Polishing Equipment","A   ","Processing Equipment",Equipment,"PEC"
233,30,"Suing Manufacturing Equip",482,427,2,0,"Manufacturing Equip","A   ","Processing Equipment",Equipment,"PEC"
234,2,"Planetesimal Manufacturing Equip",347,307,2,0,"Manufacturing Equip","A   ","Processing Equipment",Equipment,"PEC"
235,14,"Travelings Photo Chemicals",274,242,9,225,"Photo Chemicals","C   ",Chemicals,Chemicals,"PEC"
236,34,"Septembers Manufacturing Equip",584,523,2,0,"Manufacturing Equip","A   ","Processing Equipment",Equipment,"PEC"
237,24,"Loaves Polishing Equipment",426,361,3,0,"Polishing Equipment","A   ","Processing Equipment",Equipment,"PEC"
238,21,"Weeks Polishing Equipment",199,174,3,0,"Polishing Equipment","A   ","Processing Equipment",Equipment,"PEC"
239,1,"Enumerator Polishing Equipment",165,143,3,0,"Polishing Equipment","A   ","Processing Equipment",Equipment,"PEC"
240,10,"Chartable Photo Equipment",410,347,9,0,"Photo Chemicals","C   ",Chemicals,Chemicals,"PEC"
241,3,"Tailor Jacks",510,430,15,400,Jacks,"D   ",Miscellaneous,Miscellaneous,"PEC"
242,9,"Defeated Tray Supplies",560,477,8,448,"Tray Supplies","B   ","Disposable Supplies",Supplies,"PEC"
243,6,"Denigrating Polishing Equipment",566,454,3,0,"Polishing Equipment","A   ","Processing Equipment",Equipment,"PEC"
244,23,"Occlusion Manufacturing Equip",200,177,2,0,"Manufacturing Equip","A   ","Processing Equipment",Equipment,"PEC"
245,26,"Simulations Photo Equipment",318,256,1,0,"Photo Equipment","A   ","Processing Equipment",Equipment,"PEC"
246,29,"Millimeters Flushing Chemicals",296,252,10,242,"Flushing Chemicals","C   ",Chemicals,Chemicals,"PEC"
247,20,"Courthouses Manufacturing Equip",286,244,2,0,"Manufacturing Equip","A   ","Processing Equipment",Equipment,"PEC"
248,11,"Sailors Manufacturing Equip",340,290,2,0,"Manufacturing Equip","A   ","Processing Equipment",Equipment,"PEC"
249,16,"Insensitivity Manufacturing Equip",201,180,2,0,"Manufacturing Equip","A   ","Processing Equipment",Equipment,"PEC"
250,33,"Pervasively Manufacturing Equip",374,335,2,0,"Manufacturing Equip","A   ","Processing Equipment",Equipment,"PEC"
