supplier_SK,supplierid,suppliername,supplieraddr1,supplieraddr2,suppliercity,supplierstate,supplierzip,division
1,7,"Afg Industries Incorporated","Attn : Dorothy Polk","5377 Cookbook Circle","Vero Beach",FL,32967,"TPCE"
2,8,"American General Ventures Incorporated","Attn : Kimberly Yarborough","1616 Goggles Drive",Sterling,KS,67579,"TPCE"
3,3,"Black Hills Corporation","Attn : Edena Gilbert","1618 Greenland Street",Tallahassee,FL,32304,"TPCE"
4,5,"Dollar General Corporation","Attn : Antoinette Hickey","3988 Chanced Avenue","S Middleton",PA,17007,"TPCE"
5,9,"Fedders Corporation","Attn : Virgil Hubert","7844 Carelessly Drive",Overlook,WA,98366,"TPCE"
6,6,"First Bancshares Incorporated Mo","Attn : Jensine Lease","11885 Aural Turnpike",Louisville,KY,40253,"TPCE"
7,4,"Immunex Corporation","Attn : Elbert Glad","5841 Pervades Drive",Fairfax,VA,22035,"TPCE"
8,999,null,null,null,null,null,66666,null
9,10,"Saurer Gruppe Holding Ag","Attn : Pearce Valdez","3727 Elms Drive","South Saint Paul",MN,55077,"TPCE"
10,2,"SIncorporatedlair Broadcast Group Incorporate","Attn : Carla Shelby","6037 Ecuadorian Street",Clinton,MI,49236,"TPCE"
11,1,"Specialty Teleconstructors Incorporated","Attn : Zylina Cox","2161 Chalmers Street",Salinas,CA,93905,"TPCE"
12,999,"TPC East",null,null,null,null,66666,"PEC"
13,999,"TPC West",null,null,null,null,66666,"PEC"
